model,cv_mean_accuracy,cv_std_accuracy,cv_mean_precision,cv_std_precision,cv_mean_recall,cv_std_recall,cv_mean_f1,cv_std_f1,cv_mean_roc_auc,cv_std_roc_auc,cv_mean_pr_auc,cv_std_pr_auc
LogReg_Balanced,0.7200863077691955,0.015821176889125887,0.1291009129457831,0.009909625814011579,0.824102564102564,0.05003220527580236,0.2231850810565778,0.01640286298184328,0.83727658807993,0.01971569185971144,0.18763525782487084,0.040254135545780154
XGB_weighted,0.8644468252566938,0.012005265307461988,0.16560834372900948,0.030985924804722297,0.43730769230769234,0.06701143592237598,0.2399663416866201,0.04199230025889302,0.8208208170740303,0.03251401750013523,0.18662006220792418,0.019229794858754177
LGBM_weighted,0.8514755216921591,0.011450005898030701,0.16370207476043855,0.03222568055166491,0.49730769230769234,0.09441191380040774,0.2462809927361441,0.04795420345600706,0.8188718130684711,0.03561587703346677,0.17776481906716074,0.028724666863861978
XGB_SMOTE,0.9160752709088351,0.004141029157636442,0.167830902947182,0.02506013210279223,0.18089743589743593,0.018553900015513387,0.17396250676570765,0.02168566815202043,0.7979192310619047,0.030954098390913985,0.14652861923039529,0.0218640387200446
LGBM_SMOTE,0.9160767672293829,0.0054280013700602455,0.1651642001409443,0.020384137501627177,0.1758974358974359,0.01591293702495006,0.16975300038714675,0.014668142663389882,0.7921354830352261,0.029536586303802678,0.13890146482271187,0.013472844087374595
